MatrixName,Size,MemoryPre,MemoryPost,MemoryDiff,Time,Error
cfd1.mat,14503159,26666224,1011672864,985006640,54.652,4.525125569752032E-11
cfd2.mat,23748539,40561936,1968588016,1928026080,95.117,2.1927722216622213E-11
ex15.mat,568315,3532280,10856520,7324240,0.01,8.007992883722316E-7
shallow_water1.mat,2316415,8940904,301871760,292930856,7.566,2.9863681564206695E-16
